{
  "0": [
    [
      95.42196413380903,
      273.1188662318801,
      272.2706709951351,
      362.17936609010184
    ]
  ],
  "1": [
    [
      73.08243972406254,
      33.46765931288845,
      175.53445802882308,
      84.01065500990366
    ]
  ],
  "2": [],
  "3": [],
  "4": [],
  "5": []
}